{
  "Popular Movies": "Filmes Populares",
  "Top Rated Movies": "Filmes mais bem avaliados",
  "Upcoming Movies": "Filmes que estreiam em breve",
  "Now Playing Movies": "Filmes Em Exibição",
  "Popular TV Shows": "Séries Populares",
  "Top Rated TV Shows": "Séries com Melhor Classificação",
  "TV Shows Airing Today": "Séries exibidas hoje",

  "Watch Trailer": "Ver Trailer",
  "Explore more": "Explore mais",

  "Overview": "Visão geral",
  "Videos": "Vídeos",
  "Media Photos": "Fotos",

  "Cast": "Elenco",
  "More like this": "Mais itens semelhantes",

  "Storyline": "Enredo",
  "Release Date": "Data de lançamento",
  "Runtime": "Tempo de duração",
  "Director": "Director",
  "Budget": "Orçamento",
  "Revenue": "Receita",
  "Genre": "Tipo",
  "Status": "Estado",
  "Language": "Idioma",
  "Production": "Produção",

  "Backdrops": "Imagens de fundo",
  "Posters": "Pôsteres",

  "Known For": "Reconhecido(a) por",
  "Credits": "Creditado(a) em",
  "Person Photos": "Fotos",
  "(no biography)": "(sem biografia)",
  "Known for": "Reconhecido(a) por",
  "Place of birth": "Local de nascimento",
  "Birthday": "Nascimento",

  "Acting Credits": "Créditos de Atuação",
  "Production Credits": "Créditos de Produção",

  "Type to search...": "Pesquisa...",
  "Type something to search...": "Digite algo para pesquisar...",

  "{numberOfReviews} Reviews": "{numberOfReviews} Avaliações",

  "{numberOfImages} Images": "{numberOfImages} Imagens",
  "{numberOfVideos} Videos": "{numberOfVideos} Vídeos",

  "as {character}": "como {character}",

  "{count} items": "{count} itens",
  "Search result for: {currentSearch}": "Resultados da procura por: {currentSearch}",

  "Error occurred on fetching": "Ocorreu um erro na busca",
  "Retry": "Tentar novamente",

  "Home": "Início",
  "Movies": "Filmes",
  "TV Shows": "Programas de TV",
  "Search": "Pesquisar"
}
