{
  "title": "FAQ",
  "subtitle": "Things I get asked a lot",
  "faqQuestions": [
    {
      "title": "Services",
      "questions": [
        {
          "label": "What services do you offer?",
          "content": "I offer a range of services including web design, web development, branding, and photography. I can also help with SEO and social media marketing."
        },
        {
          "label": "Can you teach me how to make a website?",
          "content": "I don't offer courses at the moment, but I can recommend resources and advice to help you get the most out of your learning."
        }
      ]
    },
    {
      "title": "Pricing",
      "questions": [
        {
          "label": "How much does a project cost?",
          "content": "The cost of a project depends on many factors, such as the size of the project, the features, the development time, etc. The initial amount of my web services starts at 2000€, with an average between 3000€ and 10000€. For any other design or consulting service, I usually charge 450€ per day."
        },
        {
          "label": "How does payment work for a project?",
          "content": "I ask for a 40% deposit before starting a project, and the remaining 60% after successful delivery. I accept payments by bank transfer, PayPal, etc..."
        },
        {
          "label": "How long does a project take?",
          "content": "It's difficult to give an exact estimate, as each project is different, but the majority of my past work has taken between 2 weeks and 2 months."
        },
        {
          "label": "Do you offer discounts?",
          "content": "I offer a 15% discount for students and non-profit organizations."
        }
      ]
    },
    {
      "title": "Personal",
      "questions": [
        {
          "label": "What do you enjoy most about this work?",
          "content": "I love learning new things and being able to create just about anything from scratch, creating beautiful things that people will use and appreciate."
        },
        {
          "label": "Hobbies outside of work?",
          "content": "I love what I do, so I usually spend a lot of time working on personal projects, photography, etc. I'm also a big sports fan. I often go to the gym and I recently started climbing!"
        }
      ]
    }
  ]
}
